"","... beliebiges Alter","... gesamt","... unter 3 Jahre","... über 3 Jahre","Aufnahmealter in Monaten","Bemerkung","Freie Plätze","Gültig ab","Kita","Ortsteil","Stunden täglich","Träger","extra: Stunden täglich","web_id"
"1FreierPlatz.aspx?ID=6008","0","2","1","1","12"," "," ","01.09.2015","DIE KITA der Ev.-Paul-Gerhard-Kgm.","Falkenhagener Feld","7 - 9","Ev. Kirchengemeinde Paul-Gerhardt","4 - 5","1102"
"2FreierPlatz.aspx?ID=6008","0","2","1","1","12"," "," ","01.09.2015","DIE KITA der Ev.-Paul-Gerhard-Kgm.","Falkenhagener Feld","7 - 9","Ev. Kirchengemeinde Paul-Gerhardt","5 - 7","1102"
"3FreierPlatz.aspx?ID=6008","0","2","1","1","12"," "," ","01.09.2015","DIE KITA der Ev.-Paul-Gerhard-Kgm.","Falkenhagener Feld","7 - 9","Ev. Kirchengemeinde Paul-Gerhardt","7 - 9","1102"
"1FreierPlatz.aspx?ID=6001","7","7","0","0","24"," "," ","01.09.2015","EKG - Jaczostr. 52","Wilhelmstadt","4 - 5","Ev. Weinbergkirchengemeinde","4 - 5","1156"
"1FreierPlatz.aspx?ID=6004","7","7","0","0","24"," "," ","01.09.2015","EKG - Kladower Damm 369","Kladow","4 - 5","Ev. Kirchengemeinde Kladow","4 - 5","742"
"1FreierPlatz.aspx?ID=6005","5","5","0","0","24"," "," ","01.09.2015","EKG - Schuckertdamm 336-338","Siemensstadt","4 - 5","Ev. Kirchengemeinde Siemensstadt","4 - 5","743"
"1FreierPlatz.aspx?ID=6006","7","7","0","0","24"," "," ","01.09.2015","EKG - Schwanter Weg 3","Hakenfelde","4 - 5","Ev. Kirchengemeinde Radeland","4 - 5","1103"
"1FreierPlatz.aspx?ID=5902","0","4","1","3","18","4 Plätze frei bei EKT 10 Vorne e.V. im Prenzlauer Berg Liebe Eltern, 10 Vorne hat ab Herbst 4 Plätze frei! Wir sind eine Elterninitiative mit 23 Kindern und sechs Betreuern (3 ausgebildete Erzieherinnen, 1 angehende Erzieherin, 1 BuFDi, 1 FSJler) am Helmholtzplatz, die seit 12 Jahren besteht und von 8-17h geöffnet hat. Unsere Betreuer folgen dem situativen Ansatz mit einem Fokus auf freiem Spiel, Waldpädagogik und der liebevoll und achtsam begleiteten Entwicklung von kleinen Individuen. Ab September/Oktober 2015 haben wir folgende Plätze frei:2 Kinder Jahrgang 2011, 1 Mädchen Jahrgang 2012, 1 Mädchen Jahrgang 2013. Wenn wir Euer Interesse geweckt haben, schickt einfach eine Mail an vorstand@10-vorne.net. Für alle Kinder, die ab 2014 geboren sind, veranstalten wir am 14.10.2015 um 20h einen Infoabend im Kinderladen 10 Vorne, Schliemannstraße 33, 10437 Berlin."," ","01.09.2015","EKT - 10 Vorne","Prenzlauer Berg","7 - 9","10 Vorne e. V.","7 - 9","2610"
"1FreierPlatz.aspx?ID=6224","0","6","3","3","12","Wir haben Plätze zu vergeben! Interessenten melden sich bitte direkt bei der Kitaleiterin Frau Pecold, 0306226815"," ","31.08.2015","EKT - 1001 Nacht","Neukölln","5 - 7","Türkisch-Deutsches Zentrum e.V./Türk Alman Merkezi e.V.","4 - 5","1032"
"2FreierPlatz.aspx?ID=6224","0","6","3","3","12","Wir haben Plätze zu vergeben! Interessenten melden sich bitte direkt bei der Kitaleiterin Frau Pecold, 0306226815"," ","31.08.2015","EKT - 1001 Nacht","Neukölln","5 - 7","Türkisch-Deutsches Zentrum e.V./Türk Alman Merkezi e.V.","5 - 7","1032"
"3FreierPlatz.aspx?ID=6224","0","6","3","3","12","Wir haben Plätze zu vergeben! Interessenten melden sich bitte direkt bei der Kitaleiterin Frau Pecold, 0306226815"," ","31.08.2015","EKT - 1001 Nacht","Neukölln","5 - 7","Türkisch-Deutsches Zentrum e.V./Türk Alman Merkezi e.V.","7 - 9","1032"
"4FreierPlatz.aspx?ID=6224","0","6","3","3","12","Wir haben Plätze zu vergeben! Interessenten melden sich bitte direkt bei der Kitaleiterin Frau Pecold, 0306226815"," ","31.08.2015","EKT - 1001 Nacht","Neukölln","5 - 7","Türkisch-Deutsches Zentrum e.V./Türk Alman Merkezi e.V.","über 9","1032"
"1FreierPlatz.aspx?ID=4401","4","12","4","4","18"," "," ","01.09.2015","EKT - CIP City-Initiative f. Eltern- 
und Kinder-Projekte","Charlottenburg","7 - 9","CIP City-Initiative f. Eltern- und Kinder-Projekte e.V.","4 - 5","555"
"2FreierPlatz.aspx?ID=4401","4","12","4","4","18"," "," ","01.09.2015","EKT - CIP City-Initiative f. Eltern- 
und Kinder-Projekte","Charlottenburg","7 - 9","CIP City-Initiative f. Eltern- und Kinder-Projekte e.V.","5 - 7","555"
"3FreierPlatz.aspx?ID=4401","4","12","4","4","18"," "," ","01.09.2015","EKT - CIP City-Initiative f. Eltern- 
und Kinder-Projekte","Charlottenburg","7 - 9","CIP City-Initiative f. Eltern- und Kinder-Projekte e.V.","7 - 9","555"
"4FreierPlatz.aspx?ID=4401","4","12","4","4","18"," "," ","01.09.2015","EKT - CIP City-Initiative f. Eltern- 
und Kinder-Projekte","Charlottenburg","7 - 9","CIP City-Initiative f. Eltern- und Kinder-Projekte e.V.","über 9","555"
"1FreierPlatz.aspx?ID=6701","0","1","0","1","36"," "," ","01.11.2015","EKT - Finowkids","Wilmersdorf","7 - 9","Finowkids e.V.","7 - 9","1571"
"1FreierPlatz.aspx?ID=6361","5","5","0","0","24"," "," ","04.09.2015","EKT - Kila Spatzenkinder","Gesundbrunnen","4 - 5","Unsere Zukunft e.V.","4 - 5","2372"
"2FreierPlatz.aspx?ID=6361","5","5","0","0","24"," "," ","04.09.2015","EKT - Kila Spatzenkinder","Gesundbrunnen","4 - 5","Unsere Zukunft e.V.","5 - 7","2372"
"3FreierPlatz.aspx?ID=6361","5","5","0","0","24"," "," ","04.09.2015","EKT - Kila Spatzenkinder","Gesundbrunnen","4 - 5","Unsere Zukunft e.V.","7 - 9","2372"
"1FreierPlatz.aspx?ID=5882","6","6","0","0","12"," "," ","01.09.2015","EKT - Kita-Verein Lichtenrade Ost - Nahariyastr. 45","Lichtenrade","5 - 7","Kindertagesstättenverein Lichtenrade-Ost e. V.","4 - 5","1350"
"2FreierPlatz.aspx?ID=5882","6","6","0","0","12"," "," ","01.09.2015","EKT - Kita-Verein Lichtenrade Ost - Nahariyastr. 45","Lichtenrade","5 - 7","Kindertagesstättenverein Lichtenrade-Ost e. V.","5 - 7","1350"
"3FreierPlatz.aspx?ID=5882","6","6","0","0","12"," "," ","01.09.2015","EKT - Kita-Verein Lichtenrade Ost - Nahariyastr. 45","Lichtenrade","5 - 7","Kindertagesstättenverein Lichtenrade-Ost e. V.","7 - 9","1350"
"4FreierPlatz.aspx?ID=5882","6","6","0","0","12"," "," ","01.09.2015","EKT - Kita-Verein Lichtenrade Ost - Nahariyastr. 45","Lichtenrade","5 - 7","Kindertagesstättenverein Lichtenrade-Ost e. V.","über 9","1350"
"1FreierPlatz.aspx?ID=5421","2","2","0","0","22"," "," ","01.09.2015","EKT - Milchzahn","Friedenau","7 - 9","Milchzahn e.V.","7 - 9","576"
"1FreierPlatz.aspx?ID=4182","0","3","0","3","34","Da viele unserer Kinder in die Schule gehen, werden zum Sommer 3 Plätze frei, auch Integrationsplätze! Bitte über die webseite informieren oder bei uns anrufen oder mailen! Unsere Mädchen freuen sich besonders über Verstärkung!"," ","01.09.2015","EKT - Montessori-Gemeinschaftshaus","Dahlem","7 - 9","Montessori-Gemeinschaftshaus e. V.","7 - 9","569"
"1FreierPlatz.aspx?ID=6303","4","4","0","0","18","Wir suchen Mädchen der Jahrgänge 2013 und 2014 und Jungen des Jahrgangs 2011."," ","01.10.2015","EKT - Pusteblume","Steglitz","7 - 9","Pusteblume e.V.","7 - 9","1318"
"1FreierPlatz.aspx?ID=4582","0","4","1","3","18","Wir haben noch 3 Plätze frei für Kinder ab drei Jahren und 1 Platz für ein Jungen Jahrgang Ende 2013 bis Anfang 2014"," ","01.01.2016","EKT - Sonnengarten","Tempelhof","7 - 9","Sonnengarten e.V.","7 - 9","1356"
"1FreierPlatz.aspx?ID=5901","1","4","2","1","22"," "," ","01.08.2016","EKT - Yoyo","Charlottenburg","7 - 9","Yoyo e.V.","7 - 9","1691"
"1FreierPlatz.aspx?ID=6263","4","4","0","0","30"," "," ","15.09.2015","EKT Dreckspatzen","Wilmersdorf","7 - 9","Dreckspatzen e.V.","7 - 9","1805"
"1FreierPlatz.aspx?ID=6861","0","2","2","0","12"," "," ","01.08.2016","EKT Fino und Fleur ","Kreuzberg","4 - 5","FINO und FLEUR e.V.","4 - 5","2600"
"2FreierPlatz.aspx?ID=6861","0","2","2","0","12"," "," ","01.08.2016","EKT Fino und Fleur ","Kreuzberg","4 - 5","FINO und FLEUR e.V.","5 - 7","2600"
"3FreierPlatz.aspx?ID=6861","0","2","2","0","12"," "," ","01.08.2016","EKT Fino und Fleur ","Kreuzberg","4 - 5","FINO und FLEUR e.V.","7 - 9","2600"
"4FreierPlatz.aspx?ID=6861","0","2","2","0","12"," "," ","01.08.2016","EKT Fino und Fleur ","Kreuzberg","4 - 5","FINO und FLEUR e.V.","über 9","2600"
"1FreierPlatz.aspx?ID=6521","0","1","0","1","30"," "," ","01.10.2015","EKT Giardino dei Bambini","Nikolassee","7 - 9","Giardino dei Bambini e. V.","7 - 9","2579"
"1FreierPlatz.aspx?ID=5903","1","1","0","0","24"," "," ","01.10.2015","EKT Ja Ja He und Co.","Steglitz","4 - 5","Ja Ja He und Co. e.V.","4 - 5","1305"
"2FreierPlatz.aspx?ID=5903","1","1","0","0","24"," "," ","01.10.2015","EKT Ja Ja He und Co.","Steglitz","4 - 5","Ja Ja He und Co. e.V.","7 - 9","1305"
"1FreierPlatz.aspx?ID=5983","0","3","1","2","6"," "," ","01.09.2015","EKT Jungadler","Marienfelde","7 - 9","Jungadler e.V.","4 - 5","1352"
"2FreierPlatz.aspx?ID=5983","0","3","1","2","6"," "," ","01.09.2015","EKT Jungadler","Marienfelde","7 - 9","Jungadler e.V.","5 - 7","1352"
"3FreierPlatz.aspx?ID=5983","0","3","1","2","6"," "," ","01.09.2015","EKT Jungadler","Marienfelde","7 - 9","Jungadler e.V.","7 - 9","1352"
"4FreierPlatz.aspx?ID=5964","0","4","2","2","6"," "," ","15.08.2015","EKT Jungadler","Marienfelde","7 - 9","Jungadler e.V.","7 - 9","1352"
"1FreierPlatz.aspx?ID=5483","0","1","1","0","20","Liebe Eltern wir haben einen freien Ganztagsplatz ab Januar 2016. Beste Grüße das Libellen-Team"," ","04.01.2016","EKT Libelle","Prenzlauer Berg","7 - 9","Libelle e. V.","7 - 9","480179"
"1FreierPlatz.aspx?ID=5822","0","3","0","3","36","Wir ziehen um - zur Cunostr. 1"," ","01.09.2015","EKT Pünktchen und Anton","Schmargendorf","7 - 9","Elterninitiativ Kindertagesstätte 
Pünktchen und Anton e. V.","7 - 9","973"
"1FreierPlatz.aspx?ID=6541","0","3","1","2","24"," "," ","01.10.2015","EKT Windmühle","Charlottenburg","7 - 9","Eltern-Kinder-Tagesstätte Windmühle e. V.","5 - 7","819"
"2FreierPlatz.aspx?ID=6541","0","3","1","2","24"," "," ","01.10.2015","EKT Windmühle","Charlottenburg","7 - 9","Eltern-Kinder-Tagesstätte Windmühle e. V.","7 - 9","819"
"1FreierPlatz.aspx?ID=4001","8","8","0","0","24"," "," ","01.09.2015","Ev. Halbtagskita Neu-Westend","Westend","5 - 7","Ev. Kirchengemeinde Neu-Westend","5 - 7","815"
"1FreierPlatz.aspx?ID=6101","0","2","0","2","36","Die ev. Kita Sonnenblume hat noch zwei freie Plätze für Kinder ab 3 Jahre mit anerkanntem Förderbedarf"," ","01.09.2015","Ev. Kita Sonnenblume","Friedrichshain","über 9","Ev. Kirchenkreisverband 
für Kindertageseinrichtungen Berlin Mitte-Nord
","5 - 7","175"
"2FreierPlatz.aspx?ID=6101","0","2","0","2","36","Die ev. Kita Sonnenblume hat noch zwei freie Plätze für Kinder ab 3 Jahre mit anerkanntem Förderbedarf"," ","01.09.2015","Ev. Kita Sonnenblume","Friedrichshain","über 9","Ev. Kirchenkreisverband 
für Kindertageseinrichtungen Berlin Mitte-Nord
","7 - 9","175"
"3FreierPlatz.aspx?ID=6101","0","2","0","2","36","Die ev. Kita Sonnenblume hat noch zwei freie Plätze für Kinder ab 3 Jahre mit anerkanntem Förderbedarf"," ","01.09.2015","Ev. Kita Sonnenblume","Friedrichshain","über 9","Ev. Kirchenkreisverband 
für Kindertageseinrichtungen Berlin Mitte-Nord
","über 9","175"
"1FreierPlatz.aspx?ID=6203","0","1","1","0","20","Geburtsjahr 2013, bilingual (deutsch-englisch)"," ","01.09.2015","FlowerKids Kindergarten","Lichterfelde","7 - 9","KitaNetz Berlin e.V.","4 - 5","1854"
"2FreierPlatz.aspx?ID=6203","0","1","1","0","20","Geburtsjahr 2013, bilingual (deutsch-englisch)"," ","01.09.2015","FlowerKids Kindergarten","Lichterfelde","7 - 9","KitaNetz Berlin e.V.","5 - 7","1854"
"3FreierPlatz.aspx?ID=6203","0","1","1","0","20","Geburtsjahr 2013, bilingual (deutsch-englisch)"," ","01.09.2015","FlowerKids Kindergarten","Lichterfelde","7 - 9","KitaNetz Berlin e.V.","7 - 9","1854"
"4FreierPlatz.aspx?ID=6203","0","1","1","0","20","Geburtsjahr 2013, bilingual (deutsch-englisch)"," ","01.09.2015","FlowerKids Kindergarten","Lichterfelde","7 - 9","KitaNetz Berlin e.V.","über 9","1854"
"1FreierPlatz.aspx?ID=6023","0","11","2","9","36","3 Plätze Jahrgang 2010 3 Plätze Jahrgang 2011 3 Plätze Jahrgang 2012 2 Plätze ab Januar 2016 unter dreijährige (Jahrgang 2014)"," ","01.09.2015","Gerda und Rolf Schopf Kindertagesstätte","Hakenfelde","5 - 7","Christliches Jugenddorfwerk Deutschlands e.V.","4 - 5","537279"
"2FreierPlatz.aspx?ID=6023","0","11","2","9","36","3 Plätze Jahrgang 2010 3 Plätze Jahrgang 2011 3 Plätze Jahrgang 2012 2 Plätze ab Januar 2016 unter dreijährige (Jahrgang 2014)"," ","01.09.2015","Gerda und Rolf Schopf Kindertagesstätte","Hakenfelde","5 - 7","Christliches Jugenddorfwerk Deutschlands e.V.","5 - 7","537279"
"3FreierPlatz.aspx?ID=6023","0","11","2","9","36","3 Plätze Jahrgang 2010 3 Plätze Jahrgang 2011 3 Plätze Jahrgang 2012 2 Plätze ab Januar 2016 unter dreijährige (Jahrgang 2014)"," ","01.09.2015","Gerda und Rolf Schopf Kindertagesstätte","Hakenfelde","5 - 7","Christliches Jugenddorfwerk Deutschlands e.V.","7 - 9","537279"
"4FreierPlatz.aspx?ID=6023","0","11","2","9","36","3 Plätze Jahrgang 2010 3 Plätze Jahrgang 2011 3 Plätze Jahrgang 2012 2 Plätze ab Januar 2016 unter dreijährige (Jahrgang 2014)"," ","01.09.2015","Gerda und Rolf Schopf Kindertagesstätte","Hakenfelde","5 - 7","Christliches Jugenddorfwerk Deutschlands e.V.","über 9","537279"
"1FreierPlatz.aspx?ID=5944","0","5","3","2","18","keine Sommerschließzeit - Kontaktaufnahme jederzeit möglich"," ","01.09.2015","Humanistische Kita Wirbelwind","Niederschönhausen","7 - 9","Humanistischer Verband Deutschlands,
Landesverband Berlin-Brandenburg e. V.","5 - 7","2084"
"2FreierPlatz.aspx?ID=5944","0","5","3","2","18","keine Sommerschließzeit - Kontaktaufnahme jederzeit möglich"," ","01.09.2015","Humanistische Kita Wirbelwind","Niederschönhausen","7 - 9","Humanistischer Verband Deutschlands,
Landesverband Berlin-Brandenburg e. V.","7 - 9","2084"
"1FreierPlatz.aspx?ID=5981","1","1","0","0","12","Gern mit erhöhtem bzw. wesentlich erhöhtem Förderbedarf!"," ","01.10.2015","Integrationskita Raupe Nimmersatt","Prenzlauer Berg","5 - 7","Jugendwerk Aufbau Ost JAO gGmbH","5 - 7","2779"
"2FreierPlatz.aspx?ID=5981","1","1","0","0","12","Gern mit erhöhtem bzw. wesentlich erhöhtem Förderbedarf!"," ","01.10.2015","Integrationskita Raupe Nimmersatt","Prenzlauer Berg","5 - 7","Jugendwerk Aufbau Ost JAO gGmbH","7 - 9","2779"
"3FreierPlatz.aspx?ID=5981","1","1","0","0","12","Gern mit erhöhtem bzw. wesentlich erhöhtem Förderbedarf!"," ","01.10.2015","Integrationskita Raupe Nimmersatt","Prenzlauer Berg","5 - 7","Jugendwerk Aufbau Ost JAO gGmbH","über 9","2779"
"1FreierPlatz.aspx?ID=6801","0","1","0","1","36","Platz für ein 3jähriges Mädchen"," ","01.11.2015","Integrierter Waldkindergarten","Prenzlauer Berg","7 - 9","Stadt und Waldkinder e. V.","7 - 9","170129"
"2FreierPlatz.aspx?ID=6803","0","2","1","1","12","Platz für ein Kind mit einem Integrationsstatus"," ","01.11.2015","Integrierter Waldkindergarten","Prenzlauer Berg","7 - 9","Stadt und Waldkinder e. V.","7 - 9","170129"
"1FreierPlatz.aspx?ID=6502","1","1","0","0","24","Jungen geboren November 2013- Oktober 2014"," ","15.09.2015","Kinder aus Kreuzberg","Kreuzberg","5 - 7","Kinder aus Kreuzberg e.V.","5 - 7","1606"
"2FreierPlatz.aspx?ID=6501","0","1","0","1","36","Suchen Jungen der von Januar- September 2012 geboren ist"," ","15.09.2015","Kinder aus Kreuzberg","Kreuzberg","5 - 7","Kinder aus Kreuzberg e.V.","5 - 7","1606"
"3FreierPlatz.aspx?ID=6502","1","1","0","0","24","Jungen geboren November 2013- Oktober 2014"," ","15.09.2015","Kinder aus Kreuzberg","Kreuzberg","5 - 7","Kinder aus Kreuzberg e.V.","7 - 9","1606"
"4FreierPlatz.aspx?ID=6501","0","1","0","1","36","Suchen Jungen der von Januar- September 2012 geboren ist"," ","15.09.2015","Kinder aus Kreuzberg","Kreuzberg","5 - 7","Kinder aus Kreuzberg e.V.","7 - 9","1606"
"1FreierPlatz.aspx?ID=5961","0","2","2","0","12"," "," ","01.10.2015","Kinderbetreuung Lützelsteiner Weg","Dahlem","7 - 9","Kinderbetreuung Lützelsteiner Weg e.V.","5 - 7","905"
"2FreierPlatz.aspx?ID=5961","0","2","2","0","12"," "," ","01.10.2015","Kinderbetreuung Lützelsteiner Weg","Dahlem","7 - 9","Kinderbetreuung Lützelsteiner Weg e.V.","7 - 9","905"
"1FreierPlatz.aspx?ID=7021","0","8","4","4","10"," "," ","02.11.2015","Kindergarten Purzelbaum","Schöneberg","4 - 5","planned child gemeinnützige UG (haftungsbeschränkt)","4 - 5","321129"
"2FreierPlatz.aspx?ID=7021","0","8","4","4","10"," "," ","02.11.2015","Kindergarten Purzelbaum","Schöneberg","4 - 5","planned child gemeinnützige UG (haftungsbeschränkt)","5 - 7","321129"
"3FreierPlatz.aspx?ID=7021","0","8","4","4","10"," "," ","02.11.2015","Kindergarten Purzelbaum","Schöneberg","4 - 5","planned child gemeinnützige UG (haftungsbeschränkt)","7 - 9","321129"
"4FreierPlatz.aspx?ID=7021","0","8","4","4","10"," "," ","02.11.2015","Kindergarten Purzelbaum","Schöneberg","4 - 5","planned child gemeinnützige UG (haftungsbeschränkt)","über 9","321129"
"1FreierPlatz.aspx?ID=7041","3","3","0","0","12"," "," ","01.11.2015","Kinderinsel Alt-Reinickendorf","Reinickendorf","7 - 9","Kinderinseln Berlin Nord gUG
(haftungsbeschränkt)","7 - 9","521279"
"1FreierPlatz.aspx?ID=6382","0","3","2","1","18","Wir sind eine Elterninitiative mit drei ErzieherInnen, davon ein Montessoripädagoge und eine Integrationspädagogin. Es wird Mitarbeit in Form von gelegentlichen Elterndiensten erwartet."," ","01.10.2015","Kinderladen Rosenthaler Vorstadt ","Mitte","7 - 9","Kinderladen Rosenthaler Vorstadt e.V.","7 - 9","2575"
"1FreierPlatz.aspx?ID=4483","0","1","1","0","12","Wir würden gerne ein Mädchen aufnehmen!"," ","01.08.2016","Kinderladen Stadtmäuse","Schöneberg","7 - 9","Stadtmäuse e. V.","7 - 9","1916"
"2FreierPlatz.aspx?ID=4482","0","2","2","0","12"," "," ","01.10.2015","Kinderladen Stadtmäuse","Schöneberg","7 - 9","Stadtmäuse e. V.","7 - 9","1916"
"1FreierPlatz.aspx?ID=6721","1","6","3","2","12","Unser Team verfügt auch  2 Intigrationserzieher."," ","01.09.2016","Kinderladen Zauberhaus","Gesundbrunnen","über 9","Kinderladen Zauberhaus UG 
(haftungsbeschränkt)","4 - 5","580229"
"2FreierPlatz.aspx?ID=6721","1","6","3","2","12","Unser Team verfügt auch  2 Intigrationserzieher."," ","01.09.2016","Kinderladen Zauberhaus","Gesundbrunnen","über 9","Kinderladen Zauberhaus UG 
(haftungsbeschränkt)","5 - 7","580229"
"3FreierPlatz.aspx?ID=6721","1","6","3","2","12","Unser Team verfügt auch  2 Intigrationserzieher."," ","01.09.2016","Kinderladen Zauberhaus","Gesundbrunnen","über 9","Kinderladen Zauberhaus UG 
(haftungsbeschränkt)","7 - 9","580229"
"4FreierPlatz.aspx?ID=6721","1","6","3","2","12","Unser Team verfügt auch  2 Intigrationserzieher."," ","01.09.2016","Kinderladen Zauberhaus","Gesundbrunnen","über 9","Kinderladen Zauberhaus UG 
(haftungsbeschränkt)","über 9","580229"
"1FreierPlatz.aspx?ID=5941","0","5","3","2","12","Für unsere im August neu eröffnete Kita haben wir noch Plätze für folgende Jahrgänge: 1 x 2010 1 x 2011 2 x 2013 1 x 2014"," ","17.08.2015","Kinderland Ferndinand","Pankow","7 - 9","Himmel und Erde Pankow e. V.","7 - 9","664229"
"1FreierPlatz.aspx?ID=5461","0","5","5","0","15"," "," ","01.09.2015","Kindertagesstätte Pumuckel ","Charlottenburg","4 - 5","Kindertagesstätte Pumuckel e.V.","4 - 5","1546"
"2FreierPlatz.aspx?ID=5461","0","5","5","0","15"," "," ","01.09.2015","Kindertagesstätte Pumuckel ","Charlottenburg","4 - 5","Kindertagesstätte Pumuckel e.V.","5 - 7","1546"
"3FreierPlatz.aspx?ID=5461","0","5","5","0","15"," "," ","01.09.2015","Kindertagesstätte Pumuckel ","Charlottenburg","4 - 5","Kindertagesstätte Pumuckel e.V.","7 - 9","1546"
"1FreierPlatz.aspx?ID=5462","0","10","9","1","2"," "," ","01.09.2015","Kindertagesstätte Pumuckel I","Charlottenburg","4 - 5","Kindertagesstätte Pumuckel e.V.","4 - 5","1681"
"2FreierPlatz.aspx?ID=5462","0","10","9","1","2"," "," ","01.09.2015","Kindertagesstätte Pumuckel I","Charlottenburg","4 - 5","Kindertagesstätte Pumuckel e.V.","5 - 7","1681"
"3FreierPlatz.aspx?ID=5462","0","10","9","1","2"," "," ","01.09.2015","Kindertagesstätte Pumuckel I","Charlottenburg","4 - 5","Kindertagesstätte Pumuckel e.V.","7 - 9","1681"
"1FreierPlatz.aspx?ID=6442","0","3","1","2","24"," "," ","01.08.2016","Kindertagesstätte Schlösschen","Mariendorf","5 - 7","LifExperience gemeinnützige Gesellschaft für Bildung Erziehung und Betreuung mbH","4 - 5","629229"
"2FreierPlatz.aspx?ID=6442","0","3","1","2","24"," "," ","01.08.2016","Kindertagesstätte Schlösschen","Mariendorf","5 - 7","LifExperience gemeinnützige Gesellschaft für Bildung Erziehung und Betreuung mbH","5 - 7","629229"
"3FreierPlatz.aspx?ID=6442","0","3","1","2","24"," "," ","01.08.2016","Kindertagesstätte Schlösschen","Mariendorf","5 - 7","LifExperience gemeinnützige Gesellschaft für Bildung Erziehung und Betreuung mbH","7 - 9","629229"
"1FreierPlatz.aspx?ID=6561","0","4","0","4","36"," "," ","17.09.2015","Kita - Die kleinen Grünschnäbel","Reinickendorf","über 9","Die kleinen Grünschnäbel UG 
(haftungsbeschränkt)","4 - 5","675279"
"2FreierPlatz.aspx?ID=6561","0","4","0","4","36"," "," ","17.09.2015","Kita - Die kleinen Grünschnäbel","Reinickendorf","über 9","Die kleinen Grünschnäbel UG 
(haftungsbeschränkt)","5 - 7","675279"
"3FreierPlatz.aspx?ID=6561","0","4","0","4","36"," "," ","17.09.2015","Kita - Die kleinen Grünschnäbel","Reinickendorf","über 9","Die kleinen Grünschnäbel UG 
(haftungsbeschränkt)","7 - 9","675279"
"4FreierPlatz.aspx?ID=6561","0","4","0","4","36"," "," ","17.09.2015","Kita - Die kleinen Grünschnäbel","Reinickendorf","über 9","Die kleinen Grünschnäbel UG 
(haftungsbeschränkt)","über 9","675279"
"1FreierPlatz.aspx?ID=6461","5","5","0","0","24"," "," ","01.09.2015","Kita - Spielhaus","Wilhelmstadt","7 - 9","Spielhaus e.V.","4 - 5","1753"
"2FreierPlatz.aspx?ID=6461","5","5","0","0","24"," "," ","01.09.2015","Kita - Spielhaus","Wilhelmstadt","7 - 9","Spielhaus e.V.","5 - 7","1753"
"3FreierPlatz.aspx?ID=6461","5","5","0","0","24"," "," ","01.09.2015","Kita - Spielhaus","Wilhelmstadt","7 - 9","Spielhaus e.V.","7 - 9","1753"
"4FreierPlatz.aspx?ID=6461","5","5","0","0","24"," "," ","01.09.2015","Kita - Spielhaus","Wilhelmstadt","7 - 9","Spielhaus e.V.","über 9","1753"
"1FreierPlatz.aspx?ID=7001","0","34","15","19","3"," "," ","01.11.2015","Kita Am Flughafen Gatow","Kladow","7 - 9","Kindertagesstätten Nordwest Eigenbetrieb von Berlin","4 - 5","1183"
"2FreierPlatz.aspx?ID=7001","0","34","15","19","3"," "," ","01.11.2015","Kita Am Flughafen Gatow","Kladow","7 - 9","Kindertagesstätten Nordwest Eigenbetrieb von Berlin","5 - 7","1183"
"3FreierPlatz.aspx?ID=7001","0","34","15","19","3"," "," ","01.11.2015","Kita Am Flughafen Gatow","Kladow","7 - 9","Kindertagesstätten Nordwest Eigenbetrieb von Berlin","7 - 9","1183"
"4FreierPlatz.aspx?ID=7001","0","34","15","19","3"," "," ","01.11.2015","Kita Am Flughafen Gatow","Kladow","7 - 9","Kindertagesstätten Nordwest Eigenbetrieb von Berlin","über 9","1183"
"1FreierPlatz.aspx?ID=6202","0","1","1","0","24","Geburtsjahr 2013"," ","01.09.2015","Kita Am Haselbusch","Johannisthal","5 - 7","Lernorte - Wissen und Bildung für Kinder GmbH","4 - 5","262229"
"2FreierPlatz.aspx?ID=6202","0","1","1","0","24","Geburtsjahr 2013"," ","01.09.2015","Kita Am Haselbusch","Johannisthal","5 - 7","Lernorte - Wissen und Bildung für Kinder GmbH","5 - 7","262229"
"3FreierPlatz.aspx?ID=6202","0","1","1","0","24","Geburtsjahr 2013"," ","01.09.2015","Kita Am Haselbusch","Johannisthal","5 - 7","Lernorte - Wissen und Bildung für Kinder GmbH","7 - 9","262229"
"4FreierPlatz.aspx?ID=6202","0","1","1","0","24","Geburtsjahr 2013"," ","01.09.2015","Kita Am Haselbusch","Johannisthal","5 - 7","Lernorte - Wissen und Bildung für Kinder GmbH","über 9","262229"
"1FreierPlatz.aspx?ID=6923","0","3","0","3","12"," "," ","01.11.2015","Kita An der Havelspitze 19/Kitas Nordwest","Hakenfelde","5 - 7","Kindertagesstätten Nordwest Eigenbetrieb von Berlin","4 - 5","1154"
"2FreierPlatz.aspx?ID=6923","0","3","0","3","12"," "," ","01.11.2015","Kita An der Havelspitze 19/Kitas Nordwest","Hakenfelde","5 - 7","Kindertagesstätten Nordwest Eigenbetrieb von Berlin","5 - 7","1154"
"3FreierPlatz.aspx?ID=6923","0","3","0","3","12"," "," ","01.11.2015","Kita An der Havelspitze 19/Kitas Nordwest","Hakenfelde","5 - 7","Kindertagesstätten Nordwest Eigenbetrieb von Berlin","7 - 9","1154"
"4FreierPlatz.aspx?ID=6923","0","3","0","3","12"," "," ","01.11.2015","Kita An der Havelspitze 19/Kitas Nordwest","Hakenfelde","5 - 7","Kindertagesstätten Nordwest Eigenbetrieb von Berlin","über 9","1154"
"1FreierPlatz.aspx?ID=6741","5","5","0","0","11","Öffnungszeiten ab 1.11.2015 von 7:00-17:00 Uhr"," ","01.11.2015","Kita Anderland","Pankow","über 9","BGFF - Berliner Gesellschaft für Förderung
interkultureller Bildung und Erziehung e. V.","4 - 5","537229"
"2FreierPlatz.aspx?ID=6881","5","5","0","0","11","Öffnungszeiten: 7:00-17:00 Uhr"," ","01.11.2015","Kita Anderland","Pankow","5 - 7","BGFF - Berliner Gesellschaft für Förderung
interkultureller Bildung und Erziehung e. V.","4 - 5","537229"
"3FreierPlatz.aspx?ID=6741","5","5","0","0","11","Öffnungszeiten ab 1.11.2015 von 7:00-17:00 Uhr"," ","01.11.2015","Kita Anderland","Pankow","über 9","BGFF - Berliner Gesellschaft für Förderung
interkultureller Bildung und Erziehung e. V.","5 - 7","537229"
"4FreierPlatz.aspx?ID=6881","5","5","0","0","11","Öffnungszeiten: 7:00-17:00 Uhr"," ","01.11.2015","Kita Anderland","Pankow","5 - 7","BGFF - Berliner Gesellschaft für Förderung
interkultureller Bildung und Erziehung e. V.","5 - 7","537229"
"5FreierPlatz.aspx?ID=6741","5","5","0","0","11","Öffnungszeiten ab 1.11.2015 von 7:00-17:00 Uhr"," ","01.11.2015","Kita Anderland","Pankow","über 9","BGFF - Berliner Gesellschaft für Förderung
interkultureller Bildung und Erziehung e. V.","7 - 9","537229"
"6FreierPlatz.aspx?ID=6881","5","5","0","0","11","Öffnungszeiten: 7:00-17:00 Uhr"," ","01.11.2015","Kita Anderland","Pankow","5 - 7","BGFF - Berliner Gesellschaft für Förderung
interkultureller Bildung und Erziehung e. V.","7 - 9","537229"
"7FreierPlatz.aspx?ID=6741","5","5","0","0","11","Öffnungszeiten ab 1.11.2015 von 7:00-17:00 Uhr"," ","01.11.2015","Kita Anderland","Pankow","über 9","BGFF - Berliner Gesellschaft für Förderung
interkultureller Bildung und Erziehung e. V.","über 9","537229"
"8FreierPlatz.aspx?ID=6881","5","5","0","0","11","Öffnungszeiten: 7:00-17:00 Uhr"," ","01.11.2015","Kita Anderland","Pankow","5 - 7","BGFF - Berliner Gesellschaft für Förderung
interkultureller Bildung und Erziehung e. V.","über 9","537229"
"9FreierPlatz.aspx?ID=6901","5","5","0","0","11","Öffnungszeiten: 07:00-17:00 Uhr"," ","12.10.2015","Kita Anderland","Pankow","7 - 9","BGFF - Berliner Gesellschaft für Förderung
interkultureller Bildung und Erziehung e. V.","4 - 5","537229"
"10FreierPlatz.aspx?ID=6901","5","5","0","0","11","Öffnungszeiten: 07:00-17:00 Uhr"," ","12.10.2015","Kita Anderland","Pankow","7 - 9","BGFF - Berliner Gesellschaft für Förderung
interkultureller Bildung und Erziehung e. V.","5 - 7","537229"
"11FreierPlatz.aspx?ID=6901","5","5","0","0","11","Öffnungszeiten: 07:00-17:00 Uhr"," ","12.10.2015","Kita Anderland","Pankow","7 - 9","BGFF - Berliner Gesellschaft für Förderung
interkultureller Bildung und Erziehung e. V.","7 - 9","537229"
"12FreierPlatz.aspx?ID=6901","5","5","0","0","11","Öffnungszeiten: 07:00-17:00 Uhr"," ","12.10.2015","Kita Anderland","Pankow","7 - 9","BGFF - Berliner Gesellschaft für Förderung
interkultureller Bildung und Erziehung e. V.","über 9","537229"
"1FreierPlatz.aspx?ID=6022","1","3","2","0","10"," "," ","01.09.2015","Kita Bananas","Wilhelmstadt","5 - 7","Elterninitiativ Kita Bananas e. V.","5 - 7","333129"
"2FreierPlatz.aspx?ID=6022","1","3","2","0","10"," "," ","01.09.2015","Kita Bananas","Wilhelmstadt","5 - 7","Elterninitiativ Kita Bananas e. V.","7 - 9","333129"
"1FreierPlatz.aspx?ID=6962","0","4","0","4","30"," "," ","01.11.2015","Kita Cunostraße","Schmargendorf","7 - 9","kids in berlin kib gUG (haftungsbeschränkt)","5 - 7","486279"
"2FreierPlatz.aspx?ID=6962","0","4","0","4","30"," "," ","01.11.2015","Kita Cunostraße","Schmargendorf","7 - 9","kids in berlin kib gUG (haftungsbeschränkt)","7 - 9","486279"
"3FreierPlatz.aspx?ID=6962","0","4","0","4","30"," "," ","01.11.2015","Kita Cunostraße","Schmargendorf","7 - 9","kids in berlin kib gUG (haftungsbeschränkt)","über 9","486279"
"4FreierPlatz.aspx?ID=6781","0","6","2","4","12"," "," ","01.10.2015","Kita Cunostraße","Schmargendorf","7 - 9","kids in berlin kib gUG (haftungsbeschränkt)","7 - 9","486279"
"5FreierPlatz.aspx?ID=6781","0","6","2","4","12"," "," ","01.10.2015","Kita Cunostraße","Schmargendorf","7 - 9","kids in berlin kib gUG (haftungsbeschränkt)","über 9","486279"
"1FreierPlatz.aspx?ID=4002","8","8","0","0","24"," "," ","01.09.2015","Kita der Ev. Kirchengem. Neu-Westend","Westend","über 9","Ev. Kirchengemeinde Neu-Westend","7 - 9","1658"
"2FreierPlatz.aspx?ID=4002","8","8","0","0","24"," "," ","01.09.2015","Kita der Ev. Kirchengem. Neu-Westend","Westend","über 9","Ev. Kirchengemeinde Neu-Westend","über 9","1658"
"1FreierPlatz.aspx?ID=6002","0","4","0","4","12"," "," ","01.09.2015","Kita der Ev. Kirchengem. Wichern","Hakenfelde","4 - 5","Evangelische Wichern-Radelandgemeinde","4 - 5","1746"
"2FreierPlatz.aspx?ID=6002","0","4","0","4","12"," "," ","01.09.2015","Kita der Ev. Kirchengem. Wichern","Hakenfelde","4 - 5","Evangelische Wichern-Radelandgemeinde","5 - 7","1746"
"3FreierPlatz.aspx?ID=6002","0","4","0","4","12"," "," ","01.09.2015","Kita der Ev. Kirchengem. Wichern","Hakenfelde","4 - 5","Evangelische Wichern-Radelandgemeinde","7 - 9","1746"
"1FreierPlatz.aspx?ID=4321","0","10","0","10","36"," "," ","01.09.2015","Kita der Kath. Kirchengem. St. Clara","Neukölln","5 - 7","Kath. Kirchengemeinde St. Clara","5 - 7","423"
"2FreierPlatz.aspx?ID=4321","0","10","0","10","36"," "," ","01.09.2015","Kita der Kath. Kirchengem. St. Clara","Neukölln","5 - 7","Kath. Kirchengemeinde St. Clara","7 - 9","423"
"1FreierPlatz.aspx?ID=6601","3","3","0","0","36","Wir hätten einen Integrationsplatz zur Verfügung und/oder für Kinder des Jahrganges 2010. Diese Kinder sollten aber im Sommer 2016 eingeschult werden."," ","01.10.2015","Kita der Kath. Kirchengem. St. Josef","Weißensee","über 9","Kath. Kirchengemeinde St. Josef","5 - 7","457"
"2FreierPlatz.aspx?ID=6601","3","3","0","0","36","Wir hätten einen Integrationsplatz zur Verfügung und/oder für Kinder des Jahrganges 2010. Diese Kinder sollten aber im Sommer 2016 eingeschult werden."," ","01.10.2015","Kita der Kath. Kirchengem. St. Josef","Weißensee","über 9","Kath. Kirchengemeinde St. Josef","7 - 9","457"
"3FreierPlatz.aspx?ID=6601","3","3","0","0","36","Wir hätten einen Integrationsplatz zur Verfügung und/oder für Kinder des Jahrganges 2010. Diese Kinder sollten aber im Sommer 2016 eingeschult werden."," ","01.10.2015","Kita der Kath. Kirchengem. St. Josef","Weißensee","über 9","Kath. Kirchengemeinde St. Josef","über 9","457"
"1FreierPlatz.aspx?ID=6122","0","3","3","0","12"," "," ","01.10.2015","Kita Dietzgen-Strolche","Niederschönhausen","7 - 9","SONA - Soziale Nachbarschaft für betreutes Wohnen gGmbH","7 - 9","574229"
"1FreierPlatz.aspx?ID=6982","0","1","1","0","12"," "," ","01.11.2015","Kita Fichtestr. 5-9","Hermsdorf","5 - 7","Kindertagesstätten Nordwest Eigenbetrieb von Berlin","4 - 5","1554"
"2FreierPlatz.aspx?ID=6982","0","1","1","0","12"," "," ","01.11.2015","Kita Fichtestr. 5-9","Hermsdorf","5 - 7","Kindertagesstätten Nordwest Eigenbetrieb von Berlin","5 - 7","1554"
"3FreierPlatz.aspx?ID=6982","0","1","1","0","12"," "," ","01.11.2015","Kita Fichtestr. 5-9","Hermsdorf","5 - 7","Kindertagesstätten Nordwest Eigenbetrieb von Berlin","7 - 9","1554"
"4FreierPlatz.aspx?ID=6982","0","1","1","0","12"," "," ","01.11.2015","Kita Fichtestr. 5-9","Hermsdorf","5 - 7","Kindertagesstätten Nordwest Eigenbetrieb von Berlin","über 9","1554"
"1FreierPlatz.aspx?ID=6922","0","4","2","2","5"," "," ","15.10.2015","Kita Gatower Str. 231/Kitas Nordwest","Gatow","4 - 5","Kindertagesstätten Nordwest Eigenbetrieb von Berlin","4 - 5","1716"
"2FreierPlatz.aspx?ID=6922","0","4","2","2","5"," "," ","15.10.2015","Kita Gatower Str. 231/Kitas Nordwest","Gatow","4 - 5","Kindertagesstätten Nordwest Eigenbetrieb von Berlin","5 - 7","1716"
"3FreierPlatz.aspx?ID=6922","0","4","2","2","5"," "," ","15.10.2015","Kita Gatower Str. 231/Kitas Nordwest","Gatow","4 - 5","Kindertagesstätten Nordwest Eigenbetrieb von Berlin","7 - 9","1716"
"4FreierPlatz.aspx?ID=6922","0","4","2","2","5"," "," ","15.10.2015","Kita Gatower Str. 231/Kitas Nordwest","Gatow","4 - 5","Kindertagesstätten Nordwest Eigenbetrieb von Berlin","über 9","1716"
"1FreierPlatz.aspx?ID=6802","0","2","1","1","12","Platz für ein Kind mit einem Integrationsstatus"," ","01.11.2015","Kita Gaudystraße","Prenzlauer Berg","7 - 9","Stadt und Waldkinder e. V.","7 - 9","299129"
"1FreierPlatz.aspx?ID=6421","0","4","4","0","2","wir können Kinder ab sofort aufnehmen- ab einem Alter von 8 Wochen"," ","08.09.2015","Kita GIRASOLES-SONNENBLUMEN","Charlottenburg","über 9","""GIRASOLES - SONNENBLUMEN"" jardin infantil
(guarderia) espanol-alemán - spanisch-deutscher
Kindergarten (Asociación) e. V.","7 - 9","239"
"2FreierPlatz.aspx?ID=6421","0","4","4","0","2","wir können Kinder ab sofort aufnehmen- ab einem Alter von 8 Wochen"," ","08.09.2015","Kita GIRASOLES-SONNENBLUMEN","Charlottenburg","über 9","""GIRASOLES - SONNENBLUMEN"" jardin infantil
(guarderia) espanol-alemán - spanisch-deutscher
Kindergarten (Asociación) e. V.","über 9","239"
"1FreierPlatz.aspx?ID=6821","0","1","1","0","12"," "," ","01.10.2015","Kita Glücksweg","Schmargendorf","über 9","kevisa gGmbH","4 - 5","667229"
"2FreierPlatz.aspx?ID=6821","0","1","1","0","12"," "," ","01.10.2015","Kita Glücksweg","Schmargendorf","über 9","kevisa gGmbH","5 - 7","667229"
"3FreierPlatz.aspx?ID=6821","0","1","1","0","12"," "," ","01.10.2015","Kita Glücksweg","Schmargendorf","über 9","kevisa gGmbH","7 - 9","667229"
"4FreierPlatz.aspx?ID=6821","0","1","1","0","12"," "," ","01.10.2015","Kita Glücksweg","Schmargendorf","über 9","kevisa gGmbH","über 9","667229"
"1FreierPlatz.aspx?ID=6921","0","1","1","0","24"," "," ","02.11.2015","Kita Hennigsdorfer Str. 128-132/Kitas Nordwest","Heiligensee","4 - 5","Kindertagesstätten Nordwest Eigenbetrieb von Berlin","4 - 5","1457"
"2FreierPlatz.aspx?ID=6921","0","1","1","0","24"," "," ","02.11.2015","Kita Hennigsdorfer Str. 128-132/Kitas Nordwest","Heiligensee","4 - 5","Kindertagesstätten Nordwest Eigenbetrieb von Berlin","5 - 7","1457"
"3FreierPlatz.aspx?ID=6921","0","1","1","0","24"," "," ","02.11.2015","Kita Hennigsdorfer Str. 128-132/Kitas Nordwest","Heiligensee","4 - 5","Kindertagesstätten Nordwest Eigenbetrieb von Berlin","7 - 9","1457"
"4FreierPlatz.aspx?ID=6921","0","1","1","0","24"," "," ","02.11.2015","Kita Hennigsdorfer Str. 128-132/Kitas Nordwest","Heiligensee","4 - 5","Kindertagesstätten Nordwest Eigenbetrieb von Berlin","über 9","1457"
"1FreierPlatz.aspx?ID=6841","0","4","2","2","6"," "," ","01.11.2015","Kita Hopsemops","Friedrichshain","über 9","Hopsemops e.V.","5 - 7","100071"
"2FreierPlatz.aspx?ID=6841","0","4","2","2","6"," "," ","01.11.2015","Kita Hopsemops","Friedrichshain","über 9","Hopsemops e.V.","7 - 9","100071"
"3FreierPlatz.aspx?ID=6841","0","4","2","2","6"," "," ","01.11.2015","Kita Hopsemops","Friedrichshain","über 9","Hopsemops e.V.","über 9","100071"
"1FreierPlatz.aspx?ID=4721","0","5","2","3","2","Die Aufnahme kann ab 01.09.2015 erfolgen. Genauere Auskünfte erteilt Ihnen gern die Kitaleitung."," ","01.09.2015","Kita in der Mansarde","Rahnsdorf","5 - 7","FiPP e. V. - Fortbildungsinstitut für die pädagogische Praxis","4 - 5","2621"
"2FreierPlatz.aspx?ID=4721","0","5","2","3","2","Die Aufnahme kann ab 01.09.2015 erfolgen. Genauere Auskünfte erteilt Ihnen gern die Kitaleitung."," ","01.09.2015","Kita in der Mansarde","Rahnsdorf","5 - 7","FiPP e. V. - Fortbildungsinstitut für die pädagogische Praxis","5 - 7","2621"
"3FreierPlatz.aspx?ID=4721","0","5","2","3","2","Die Aufnahme kann ab 01.09.2015 erfolgen. Genauere Auskünfte erteilt Ihnen gern die Kitaleitung."," ","01.09.2015","Kita in der Mansarde","Rahnsdorf","5 - 7","FiPP e. V. - Fortbildungsinstitut für die pädagogische Praxis","7 - 9","2621"
"1FreierPlatz.aspx?ID=5962","5","25","10","10","12","Aufgrund der Eröffnung einer neuen Krippen-Gruppe und der Einschulung mehrerer Kinder aus dem Elementarbereich sind Aufnahmekapazitäten verfügbar geworden."," ","12.10.2015","Kita Judith-Auer-Straße 6","Fennpfuhl","7 - 9","P.E.K. Private Europa 
Kindertagesstätte Elite gGmbH","4 - 5","614279"
"2FreierPlatz.aspx?ID=5962","5","25","10","10","12","Aufgrund der Eröffnung einer neuen Krippen-Gruppe und der Einschulung mehrerer Kinder aus dem Elementarbereich sind Aufnahmekapazitäten verfügbar geworden."," ","12.10.2015","Kita Judith-Auer-Straße 6","Fennpfuhl","7 - 9","P.E.K. Private Europa 
Kindertagesstätte Elite gGmbH","5 - 7","614279"
"3FreierPlatz.aspx?ID=5962","5","25","10","10","12","Aufgrund der Eröffnung einer neuen Krippen-Gruppe und der Einschulung mehrerer Kinder aus dem Elementarbereich sind Aufnahmekapazitäten verfügbar geworden."," ","12.10.2015","Kita Judith-Auer-Straße 6","Fennpfuhl","7 - 9","P.E.K. Private Europa 
Kindertagesstätte Elite gGmbH","7 - 9","614279"
"4FreierPlatz.aspx?ID=5962","5","25","10","10","12","Aufgrund der Eröffnung einer neuen Krippen-Gruppe und der Einschulung mehrerer Kinder aus dem Elementarbereich sind Aufnahmekapazitäten verfügbar geworden."," ","12.10.2015","Kita Judith-Auer-Straße 6","Fennpfuhl","7 - 9","P.E.K. Private Europa 
Kindertagesstätte Elite gGmbH","über 9","614279"
"1FreierPlatz.aspx?ID=6041","25","25","0","0","6"," "," ","17.08.2015","Kita KIKADO","Gesundbrunnen","über 9","BGFF - Berliner Gesellschaft für Förderung
interkultureller Bildung und Erziehung e. V.","4 - 5","665229"
"2FreierPlatz.aspx?ID=6041","25","25","0","0","6"," "," ","17.08.2015","Kita KIKADO","Gesundbrunnen","über 9","BGFF - Berliner Gesellschaft für Förderung
interkultureller Bildung und Erziehung e. V.","5 - 7","665229"
"3FreierPlatz.aspx?ID=6041","25","25","0","0","6"," "," ","17.08.2015","Kita KIKADO","Gesundbrunnen","über 9","BGFF - Berliner Gesellschaft für Förderung
interkultureller Bildung und Erziehung e. V.","7 - 9","665229"
"4FreierPlatz.aspx?ID=6041","25","25","0","0","6"," "," ","17.08.2015","Kita KIKADO","Gesundbrunnen","über 9","BGFF - Berliner Gesellschaft für Förderung
interkultureller Bildung und Erziehung e. V.","über 9","665229"
"1FreierPlatz.aspx?ID=6204","0","4","4","0","12"," "," ","01.09.2015","Kita Kleine Küken","Wilmersdorf","7 - 9","Kinderladen Kleine Küken gGmbH","7 - 9","431179"
"1FreierPlatz.aspx?ID=6681","0","13","5","8","12","Für die Durchmischung der Gruppen werden insbesondere weibliche Kinder gesucht."," ","01.10.2015","Kita Knirpsmaus","Wedding","7 - 9","Trägerwerk Soziale Dienste in Berlin
und Brandenburg gGmbH
(TWSD in BB gGmbH)","5 - 7","677229"
"2FreierPlatz.aspx?ID=6681","0","13","5","8","12","Für die Durchmischung der Gruppen werden insbesondere weibliche Kinder gesucht."," ","01.10.2015","Kita Knirpsmaus","Wedding","7 - 9","Trägerwerk Soziale Dienste in Berlin
und Brandenburg gGmbH
(TWSD in BB gGmbH)","7 - 9","677229"
"3FreierPlatz.aspx?ID=6681","0","13","5","8","12","Für die Durchmischung der Gruppen werden insbesondere weibliche Kinder gesucht."," ","01.10.2015","Kita Knirpsmaus","Wedding","7 - 9","Trägerwerk Soziale Dienste in Berlin
und Brandenburg gGmbH
(TWSD in BB gGmbH)","über 9","677229"
"1FreierPlatz.aspx?ID=4121","0","20","10","10","12","Die Plätze stehen je nach Alter ab sofort bzw. ab Januar 2016 zur Verfügung."," ","01.10.2015","Kita Leuschnerdamm 33-39/Kigä City","Kreuzberg","7 - 9","Kindergärten City","5 - 7","600"
"2FreierPlatz.aspx?ID=4121","0","20","10","10","12","Die Plätze stehen je nach Alter ab sofort bzw. ab Januar 2016 zur Verfügung."," ","01.10.2015","Kita Leuschnerdamm 33-39/Kigä City","Kreuzberg","7 - 9","Kindergärten City","7 - 9","600"
"1FreierPlatz.aspx?ID=5484","0","18","0","18","36"," "," ","24.08.2015","Kita Mahlower Straße","Neukölln","7 - 9","Neuzeitlich-Christliche Initiative e.V.","5 - 7","250129"
"2FreierPlatz.aspx?ID=5484","0","18","0","18","36"," "," ","24.08.2015","Kita Mahlower Straße","Neukölln","7 - 9","Neuzeitlich-Christliche Initiative e.V.","7 - 9","250129"
"1FreierPlatz.aspx?ID=6241","0","1","0","1","12","Mädchen geboren 2012"," ","15.09.2015","Kita Maltinis","Lankwitz","7 - 9","Stadtteilzentrum Steglitz - Verein für soziale Arbeit e.V.","7 - 9","508279"
"1FreierPlatz.aspx?ID=6161","0","5","3","2","12","Unsere Einrichtungen befinden sich im Bezirk Steglitz-Zehlendorf. In Anlehnung unserer Standorte verbinden wir den Umgang mit der Natur und deren Erhalt mit der Entdeckerfreude unserer Kinder. Integrativ zu diesem Umfeld heben sich unsere Außenbereiche hervor. Unsere Kitas sind durch Ihre kleine Gesamtgröße familiär geprägt. So bieten wir in der Beethovenstraße 28 Plätze und in der Finckensteinallee insgesamt 39 Plätze (von einem Jahr bis zum Schuleintritt) an. Insgesamt gibt es in jeder Einrichtung zwei Gruppen (Krippen-und Elementarbereich). Betreuung Ihrer Kinder Eine liebevolle und individuelle Betreuung durch fachlich geschultes Personal Familiäre Atmosphäre durch kleine Gruppen Eine abwechslungsreiche und gesunde Ernährung Zeit für die freie Entfaltung ihres Kindes Weitere Details finden Sie auf unserer Internetseite."," ","25.08.2015","Kita Mary Poppinz II","Lichterfelde","5 - 7","Mary Poppinz gemeinnützige Unternehmergesellschaft
(haftungsbeschränkt)","4 - 5","175179"
"2FreierPlatz.aspx?ID=6161","0","5","3","2","12","Unsere Einrichtungen befinden sich im Bezirk Steglitz-Zehlendorf. In Anlehnung unserer Standorte verbinden wir den Umgang mit der Natur und deren Erhalt mit der Entdeckerfreude unserer Kinder. Integrativ zu diesem Umfeld heben sich unsere Außenbereiche hervor. Unsere Kitas sind durch Ihre kleine Gesamtgröße familiär geprägt. So bieten wir in der Beethovenstraße 28 Plätze und in der Finckensteinallee insgesamt 39 Plätze (von einem Jahr bis zum Schuleintritt) an. Insgesamt gibt es in jeder Einrichtung zwei Gruppen (Krippen-und Elementarbereich). Betreuung Ihrer Kinder Eine liebevolle und individuelle Betreuung durch fachlich geschultes Personal Familiäre Atmosphäre durch kleine Gruppen Eine abwechslungsreiche und gesunde Ernährung Zeit für die freie Entfaltung ihres Kindes Weitere Details finden Sie auf unserer Internetseite."," ","25.08.2015","Kita Mary Poppinz II","Lichterfelde","5 - 7","Mary Poppinz gemeinnützige Unternehmergesellschaft
(haftungsbeschränkt)","5 - 7","175179"
"3FreierPlatz.aspx?ID=6161","0","5","3","2","12","Unsere Einrichtungen befinden sich im Bezirk Steglitz-Zehlendorf. In Anlehnung unserer Standorte verbinden wir den Umgang mit der Natur und deren Erhalt mit der Entdeckerfreude unserer Kinder. Integrativ zu diesem Umfeld heben sich unsere Außenbereiche hervor. Unsere Kitas sind durch Ihre kleine Gesamtgröße familiär geprägt. So bieten wir in der Beethovenstraße 28 Plätze und in der Finckensteinallee insgesamt 39 Plätze (von einem Jahr bis zum Schuleintritt) an. Insgesamt gibt es in jeder Einrichtung zwei Gruppen (Krippen-und Elementarbereich). Betreuung Ihrer Kinder Eine liebevolle und individuelle Betreuung durch fachlich geschultes Personal Familiäre Atmosphäre durch kleine Gruppen Eine abwechslungsreiche und gesunde Ernährung Zeit für die freie Entfaltung ihres Kindes Weitere Details finden Sie auf unserer Internetseite."," ","25.08.2015","Kita Mary Poppinz II","Lichterfelde","5 - 7","Mary Poppinz gemeinnützige Unternehmergesellschaft
(haftungsbeschränkt)","7 - 9","175179"
"1FreierPlatz.aspx?ID=6761","0","6","0","6","12","Die freien Plätze stehen für die Jahrgänge 2011 bis 2013 zur Verfügung."," ","01.10.2015","Kita Max-Beer-Str. 24/26/Kigä City","Mitte","über 9","Kindergärten City","4 - 5","354"
"2FreierPlatz.aspx?ID=6761","0","6","0","6","12","Die freien Plätze stehen für die Jahrgänge 2011 bis 2013 zur Verfügung."," ","01.10.2015","Kita Max-Beer-Str. 24/26/Kigä City","Mitte","über 9","Kindergärten City","5 - 7","354"
"3FreierPlatz.aspx?ID=6761","0","6","0","6","12","Die freien Plätze stehen für die Jahrgänge 2011 bis 2013 zur Verfügung."," ","01.10.2015","Kita Max-Beer-Str. 24/26/Kigä City","Mitte","über 9","Kindergärten City","7 - 9","354"
"4FreierPlatz.aspx?ID=6761","0","6","0","6","12","Die freien Plätze stehen für die Jahrgänge 2011 bis 2013 zur Verfügung."," ","01.10.2015","Kita Max-Beer-Str. 24/26/Kigä City","Mitte","über 9","Kindergärten City","über 9","354"
"1FreierPlatz.aspx?ID=6942","0","2","2","0","12"," "," ","15.11.2015","Kita Maximiliankorso 35/Kitas Nordwest","Frohnau","4 - 5","Kindertagesstätten Nordwest Eigenbetrieb von Berlin","4 - 5","991"
"2FreierPlatz.aspx?ID=6942","0","2","2","0","12"," "," ","15.11.2015","Kita Maximiliankorso 35/Kitas Nordwest","Frohnau","4 - 5","Kindertagesstätten Nordwest Eigenbetrieb von Berlin","5 - 7","991"
"3FreierPlatz.aspx?ID=6942","0","2","2","0","12"," "," ","15.11.2015","Kita Maximiliankorso 35/Kitas Nordwest","Frohnau","4 - 5","Kindertagesstätten Nordwest Eigenbetrieb von Berlin","7 - 9","991"
"4FreierPlatz.aspx?ID=6942","0","2","2","0","12"," "," ","15.11.2015","Kita Maximiliankorso 35/Kitas Nordwest","Frohnau","4 - 5","Kindertagesstätten Nordwest Eigenbetrieb von Berlin","über 9","991"
"1FreierPlatz.aspx?ID=6222","0","7","3","4","12"," "," ","01.09.2015","Kita Mittelbruchzeile","Reinickendorf","7 - 9","OUTLAW gemeinnützige Gesellschaft für Kinder- und Jugendhilfe mbH","4 - 5","1460"
"2FreierPlatz.aspx?ID=6222","0","7","3","4","12"," "," ","01.09.2015","Kita Mittelbruchzeile","Reinickendorf","7 - 9","OUTLAW gemeinnützige Gesellschaft für Kinder- und Jugendhilfe mbH","5 - 7","1460"
"3FreierPlatz.aspx?ID=6222","0","7","3","4","12"," "," ","01.09.2015","Kita Mittelbruchzeile","Reinickendorf","7 - 9","OUTLAW gemeinnützige Gesellschaft für Kinder- und Jugendhilfe mbH","7 - 9","1460"
"4FreierPlatz.aspx?ID=6222","0","7","3","4","12"," "," ","01.09.2015","Kita Mittelbruchzeile","Reinickendorf","7 - 9","OUTLAW gemeinnützige Gesellschaft für Kinder- und Jugendhilfe mbH","über 9","1460"
"1FreierPlatz.aspx?ID=5661","1","1","0","0","12"," "," ","01.09.2015","Kita Mondschaukel","Pankow","7 - 9","Verein f. familienergänzende Betreuung u. Beratung
Pankow, kurz ""VfBB Pankow"" e.V.","7 - 9","2832"
"1FreierPlatz.aspx?ID=6061","1","2","1","0","12"," "," ","17.08.2015","Kita Pallasseum","Schöneberg","5 - 7","Stadtteilverein Schöneberg e.V.","4 - 5","2886"
"2FreierPlatz.aspx?ID=6061","1","2","1","0","12"," "," ","17.08.2015","Kita Pallasseum","Schöneberg","5 - 7","Stadtteilverein Schöneberg e.V.","5 - 7","2886"
"3FreierPlatz.aspx?ID=6061","1","2","1","0","12"," "," ","17.08.2015","Kita Pallasseum","Schöneberg","5 - 7","Stadtteilverein Schöneberg e.V.","7 - 9","2886"
"4FreierPlatz.aspx?ID=6061","1","2","1","0","12"," "," ","17.08.2015","Kita Pallasseum","Schöneberg","5 - 7","Stadtteilverein Schöneberg e.V.","über 9","2886"
"1FreierPlatz.aspx?ID=6262","0","1","1","0","12","* 1 Junge geb. 2014"," ","01.10.2015","Kita Pankekinder","Pankow","7 - 9","Pankekinder e. V.","7 - 9","291179"
"1FreierPlatz.aspx?ID=6261","0","7","1","6","12","* 1 Mädchen geb. 2014 ab Oktober 2015 * 3 Mädchen geb. Anfang 2013 oder Jahrgang 2012 * 3 Jungen geb. Anfang 2013 oder Jahrgang 2012"," ","01.10.2015","Kita Pankekinder 2","Pankow","7 - 9","Pankekinder e. V.","7 - 9","673279"
"1FreierPlatz.aspx?ID=6321","3","3","0","0","8"," "," ","03.09.2015","Kita Paul und Paula","Niederschönhausen","5 - 7","""Paul & Paula"" UG (haftungsbeschränkt)","5 - 7","324129"
"2FreierPlatz.aspx?ID=6321","3","3","0","0","8"," "," ","03.09.2015","Kita Paul und Paula","Niederschönhausen","5 - 7","""Paul & Paula"" UG (haftungsbeschränkt)","7 - 9","324129"
"3FreierPlatz.aspx?ID=6321","3","3","0","0","8"," "," ","03.09.2015","Kita Paul und Paula","Niederschönhausen","5 - 7","""Paul & Paula"" UG (haftungsbeschränkt)","über 9","324129"
"1FreierPlatz.aspx?ID=6341","0","2","0","2","36","Bitte melden Sie sich in der Einrichtung bei unserer Kita Leitung, Herrn Schaefers bzw. der Stellvertretung, Frau Exel"," ","01.10.2015","Kita Pfiffikus","Mitte","4 - 5","BIK e.V. Berliner Institut für Kleinkindpädagogik und familienbegleitende Kinderbetreuung","4 - 5","1140"
"2FreierPlatz.aspx?ID=6341","0","2","0","2","36","Bitte melden Sie sich in der Einrichtung bei unserer Kita Leitung, Herrn Schaefers bzw. der Stellvertretung, Frau Exel"," ","01.10.2015","Kita Pfiffikus","Mitte","4 - 5","BIK e.V. Berliner Institut für Kleinkindpädagogik und familienbegleitende Kinderbetreuung","5 - 7","1140"
"3FreierPlatz.aspx?ID=6341","0","2","0","2","36","Bitte melden Sie sich in der Einrichtung bei unserer Kita Leitung, Herrn Schaefers bzw. der Stellvertretung, Frau Exel"," ","01.10.2015","Kita Pfiffikus","Mitte","4 - 5","BIK e.V. Berliner Institut für Kleinkindpädagogik und familienbegleitende Kinderbetreuung","7 - 9","1140"
"4FreierPlatz.aspx?ID=6341","0","2","0","2","36","Bitte melden Sie sich in der Einrichtung bei unserer Kita Leitung, Herrn Schaefers bzw. der Stellvertretung, Frau Exel"," ","01.10.2015","Kita Pfiffikus","Mitte","4 - 5","BIK e.V. Berliner Institut für Kleinkindpädagogik und familienbegleitende Kinderbetreuung","über 9","1140"
"1FreierPlatz.aspx?ID=6007","0","5","5","0","2"," "," ","01.09.2015","Kita Pichelsdorfer Straße","Wilhelmstadt","7 - 9","Ev. Melanchthon-Kirchengemeinde","4 - 5","390329"
"2FreierPlatz.aspx?ID=6007","0","5","5","0","2"," "," ","01.09.2015","Kita Pichelsdorfer Straße","Wilhelmstadt","7 - 9","Ev. Melanchthon-Kirchengemeinde","5 - 7","390329"
"3FreierPlatz.aspx?ID=6007","0","5","5","0","2"," "," ","01.09.2015","Kita Pichelsdorfer Straße","Wilhelmstadt","7 - 9","Ev. Melanchthon-Kirchengemeinde","7 - 9","390329"
"1FreierPlatz.aspx?ID=6941","0","2","0","2","10"," "," ","02.11.2015","Kita Prager Str./Kitas Nordwest","Wilmersdorf","über 9","Kindertagesstätten Nordwest Eigenbetrieb von Berlin","4 - 5","320"
"2FreierPlatz.aspx?ID=6941","0","2","0","2","10"," "," ","02.11.2015","Kita Prager Str./Kitas Nordwest","Wilmersdorf","über 9","Kindertagesstätten Nordwest Eigenbetrieb von Berlin","5 - 7","320"
"3FreierPlatz.aspx?ID=6941","0","2","0","2","10"," "," ","02.11.2015","Kita Prager Str./Kitas Nordwest","Wilmersdorf","über 9","Kindertagesstätten Nordwest Eigenbetrieb von Berlin","7 - 9","320"
"4FreierPlatz.aspx?ID=6941","0","2","0","2","10"," "," ","02.11.2015","Kita Prager Str./Kitas Nordwest","Wilmersdorf","über 9","Kindertagesstätten Nordwest Eigenbetrieb von Berlin","über 9","320"
"1FreierPlatz.aspx?ID=5881","0","5","3","2","2","Kinder, die Niederländisch oder Flämisch sprechen oder lernen wollen, sind uns ganz besonders willkommen. In zwei Abteilungen unserer Kita sorgen Erzieherinnen und Erzieher aus den Niederlanden dafür, dass neben Deutsch auch ihre Muttersprache Begegnungssprache im Alltag ist."," ","01.09.2015","Kita Preußstraße","Prenzlauer Berg","5 - 7","INA.KINDER.GARTEN gGmbH","4 - 5","2877"
"2FreierPlatz.aspx?ID=5881","0","5","3","2","2","Kinder, die Niederländisch oder Flämisch sprechen oder lernen wollen, sind uns ganz besonders willkommen. In zwei Abteilungen unserer Kita sorgen Erzieherinnen und Erzieher aus den Niederlanden dafür, dass neben Deutsch auch ihre Muttersprache Begegnungssprache im Alltag ist."," ","01.09.2015","Kita Preußstraße","Prenzlauer Berg","5 - 7","INA.KINDER.GARTEN gGmbH","5 - 7","2877"
"3FreierPlatz.aspx?ID=5881","0","5","3","2","2","Kinder, die Niederländisch oder Flämisch sprechen oder lernen wollen, sind uns ganz besonders willkommen. In zwei Abteilungen unserer Kita sorgen Erzieherinnen und Erzieher aus den Niederlanden dafür, dass neben Deutsch auch ihre Muttersprache Begegnungssprache im Alltag ist."," ","01.09.2015","Kita Preußstraße","Prenzlauer Berg","5 - 7","INA.KINDER.GARTEN gGmbH","7 - 9","2877"
"4FreierPlatz.aspx?ID=5881","0","5","3","2","2","Kinder, die Niederländisch oder Flämisch sprechen oder lernen wollen, sind uns ganz besonders willkommen. In zwei Abteilungen unserer Kita sorgen Erzieherinnen und Erzieher aus den Niederlanden dafür, dass neben Deutsch auch ihre Muttersprache Begegnungssprache im Alltag ist."," ","01.09.2015","Kita Preußstraße","Prenzlauer Berg","5 - 7","INA.KINDER.GARTEN gGmbH","über 9","2877"
"1FreierPlatz.aspx?ID=6943","0","2","0","2","36","Jahrgang 2012"," ","01.11.2015","Kita Ritterfelddamm 27/Kitas Nordwest","Kladow","4 - 5","Kindertagesstätten Nordwest Eigenbetrieb von Berlin","4 - 5","900"
"2FreierPlatz.aspx?ID=6943","0","2","0","2","36","Jahrgang 2012"," ","01.11.2015","Kita Ritterfelddamm 27/Kitas Nordwest","Kladow","4 - 5","Kindertagesstätten Nordwest Eigenbetrieb von Berlin","5 - 7","900"
"3FreierPlatz.aspx?ID=6943","0","2","0","2","36","Jahrgang 2012"," ","01.11.2015","Kita Ritterfelddamm 27/Kitas Nordwest","Kladow","4 - 5","Kindertagesstätten Nordwest Eigenbetrieb von Berlin","7 - 9","900"
"4FreierPlatz.aspx?ID=6943","0","2","0","2","36","Jahrgang 2012"," ","01.11.2015","Kita Ritterfelddamm 27/Kitas Nordwest","Kladow","4 - 5","Kindertagesstätten Nordwest Eigenbetrieb von Berlin","über 9","900"
"1FreierPlatz.aspx?ID=6924","0","8","2","6","36"," "," ","04.01.2016","Kita Siegburger Str. 1/Kitas Nordwest","Wilmersdorf","7 - 9","Kindertagesstätten Nordwest Eigenbetrieb von Berlin","7 - 9","264"
"1FreierPlatz.aspx?ID=4641","0","3","2","1","12"," "," ","17.08.2015","Kita St. Annen/Kath. Kirchengem. Heilige Familie","Lichterfelde","7 - 9","Kath. Kirchengemeinde Heilige Familie","4 - 5","1294"
"2FreierPlatz.aspx?ID=4641","0","3","2","1","12"," "," ","17.08.2015","Kita St. Annen/Kath. Kirchengem. Heilige Familie","Lichterfelde","7 - 9","Kath. Kirchengemeinde Heilige Familie","5 - 7","1294"
"3FreierPlatz.aspx?ID=4641","0","3","2","1","12"," "," ","17.08.2015","Kita St. Annen/Kath. Kirchengem. Heilige Familie","Lichterfelde","7 - 9","Kath. Kirchengemeinde Heilige Familie","7 - 9","1294"
"1FreierPlatz.aspx?ID=6342","0","2","1","1","12"," "," ","01.10.2015","Kita Sternenschaukel","Wilhelmsruh","7 - 9","Sternenschaukel gGmbH","7 - 9","100019"
"2FreierPlatz.aspx?ID=6342","0","2","1","1","12"," "," ","01.10.2015","Kita Sternenschaukel","Wilhelmsruh","7 - 9","Sternenschaukel gGmbH","über 9","100019"
"1FreierPlatz.aspx?ID=6201","0","1","1","0","12","Geburtsjahrgang 2014"," ","01.09.2015","Kita Sternschnuppe","Johannisthal","4 - 5","Lernorte - Wissen und Bildung für Kinder GmbH","4 - 5","2676"
"2FreierPlatz.aspx?ID=6201","0","1","1","0","12","Geburtsjahrgang 2014"," ","01.09.2015","Kita Sternschnuppe","Johannisthal","4 - 5","Lernorte - Wissen und Bildung für Kinder GmbH","5 - 7","2676"
"3FreierPlatz.aspx?ID=6201","0","1","1","0","12","Geburtsjahrgang 2014"," ","01.09.2015","Kita Sternschnuppe","Johannisthal","4 - 5","Lernorte - Wissen und Bildung für Kinder GmbH","7 - 9","2676"
"4FreierPlatz.aspx?ID=6201","0","1","1","0","12","Geburtsjahrgang 2014"," ","01.09.2015","Kita Sternschnuppe","Johannisthal","4 - 5","Lernorte - Wissen und Bildung für Kinder GmbH","über 9","2676"
"1FreierPlatz.aspx?ID=6961","0","2","1","1","18","Wir suchen zwei Mädchen, geboren Jan - Sept. 2011 und Nov 2013 - Mai 2014"," ","12.10.2015","Kita Sternschnuppe","Pankow","7 - 9","Kita Sternschnuppe gGmbH","7 - 9","397179"
"1FreierPlatz.aspx?ID=6121","0","2","2","0","12"," "," ","01.09.2015","Kita Tegner-Strolche","Prenzlauer Berg","7 - 9","SONA - Soziale Nachbarschaft für betreutes Wohnen gGmbH","7 - 9","503229"
"1FreierPlatz.aspx?ID=6661","0","60","15","45","12","deutsch-englisch, bilinguale Kita fuer alle Kinder"," ","01.10.2015","Kita Töpchiner Weg","Lichtenrade","5 - 7","Kids-R-Kids gUG (haftungsbeschränkt)","4 - 5","676229"
"2FreierPlatz.aspx?ID=6661","0","60","15","45","12","deutsch-englisch, bilinguale Kita fuer alle Kinder"," ","01.10.2015","Kita Töpchiner Weg","Lichtenrade","5 - 7","Kids-R-Kids gUG (haftungsbeschränkt)","5 - 7","676229"
"3FreierPlatz.aspx?ID=6661","0","60","15","45","12","deutsch-englisch, bilinguale Kita fuer alle Kinder"," ","01.10.2015","Kita Töpchiner Weg","Lichtenrade","5 - 7","Kids-R-Kids gUG (haftungsbeschränkt)","7 - 9","676229"
"4FreierPlatz.aspx?ID=6661","0","60","15","45","12","deutsch-englisch, bilinguale Kita fuer alle Kinder"," ","01.10.2015","Kita Töpchiner Weg","Lichtenrade","5 - 7","Kids-R-Kids gUG (haftungsbeschränkt)","über 9","676229"
"1FreierPlatz.aspx?ID=6981","0","6","6","0","2"," "," ","01.11.2015","Kita Tornower Weg 8-10/Kitas Nordwest","Märkisches Viertel","7 - 9","Kindertagesstätten Nordwest Eigenbetrieb von Berlin","4 - 5","1472"
"2FreierPlatz.aspx?ID=6981","0","6","6","0","2"," "," ","01.11.2015","Kita Tornower Weg 8-10/Kitas Nordwest","Märkisches Viertel","7 - 9","Kindertagesstätten Nordwest Eigenbetrieb von Berlin","5 - 7","1472"
"3FreierPlatz.aspx?ID=6981","0","6","6","0","2"," "," ","01.11.2015","Kita Tornower Weg 8-10/Kitas Nordwest","Märkisches Viertel","7 - 9","Kindertagesstätten Nordwest Eigenbetrieb von Berlin","7 - 9","1472"
"4FreierPlatz.aspx?ID=6981","0","6","6","0","2"," "," ","01.11.2015","Kita Tornower Weg 8-10/Kitas Nordwest","Märkisches Viertel","7 - 9","Kindertagesstätten Nordwest Eigenbetrieb von Berlin","über 9","1472"
"1FreierPlatz.aspx?ID=5942","0","5","4","1","12","Vormerkbogen, Besichtigungstermine finden Sie auf unserer Homepage."," ","01.08.2016","Kita Zwergenbaude ","Prenzlauer Berg","4 - 5","Zwergenbaude e.V.","4 - 5","2741"
"2FreierPlatz.aspx?ID=5942","0","5","4","1","12","Vormerkbogen, Besichtigungstermine finden Sie auf unserer Homepage."," ","01.08.2016","Kita Zwergenbaude ","Prenzlauer Berg","4 - 5","Zwergenbaude e.V.","5 - 7","2741"
"3FreierPlatz.aspx?ID=5942","0","5","4","1","12","Vormerkbogen, Besichtigungstermine finden Sie auf unserer Homepage."," ","01.08.2016","Kita Zwergenbaude ","Prenzlauer Berg","4 - 5","Zwergenbaude e.V.","7 - 9","2741"
"4FreierPlatz.aspx?ID=5942","0","5","4","1","12","Vormerkbogen, Besichtigungstermine finden Sie auf unserer Homepage."," ","01.08.2016","Kita Zwergenbaude ","Prenzlauer Berg","4 - 5","Zwergenbaude e.V.","über 9","2741"
"1FreierPlatz.aspx?ID=5943","0","5","4","1","12","Vormerkbogen, Besichtigungstermin finden Sie auf unserer Homepage."," ","01.08.2016","Kita Zwergenbaude II","Prenzlauer Berg","über 9","Zwergenbaude e.V.","4 - 5","102129"
"2FreierPlatz.aspx?ID=5943","0","5","4","1","12","Vormerkbogen, Besichtigungstermin finden Sie auf unserer Homepage."," ","01.08.2016","Kita Zwergenbaude II","Prenzlauer Berg","über 9","Zwergenbaude e.V.","5 - 7","102129"
"3FreierPlatz.aspx?ID=5943","0","5","4","1","12","Vormerkbogen, Besichtigungstermin finden Sie auf unserer Homepage."," ","01.08.2016","Kita Zwergenbaude II","Prenzlauer Berg","über 9","Zwergenbaude e.V.","7 - 9","102129"
"4FreierPlatz.aspx?ID=5943","0","5","4","1","12","Vormerkbogen, Besichtigungstermin finden Sie auf unserer Homepage."," ","01.08.2016","Kita Zwergenbaude II","Prenzlauer Berg","über 9","Zwergenbaude e.V.","über 9","102129"
"1FreierPlatz.aspx?ID=6862","0","7","3","4","12"," "," ","01.08.2016","Kita Zwergenburg","Kreuzberg","5 - 7","FINO und FLEUR e.V.","4 - 5","525229"
"2FreierPlatz.aspx?ID=6862","0","7","3","4","12"," "," ","01.08.2016","Kita Zwergenburg","Kreuzberg","5 - 7","FINO und FLEUR e.V.","5 - 7","525229"
"3FreierPlatz.aspx?ID=6862","0","7","3","4","12"," "," ","01.08.2016","Kita Zwergenburg","Kreuzberg","5 - 7","FINO und FLEUR e.V.","7 - 9","525229"
"4FreierPlatz.aspx?ID=6862","0","7","3","4","12"," "," ","01.08.2016","Kita Zwergenburg","Kreuzberg","5 - 7","FINO und FLEUR e.V.","über 9","525229"
"5FreierPlatz.aspx?ID=4701","4","4","0","0","24"," "," ","01.10.2015","Kita Zwergenburg","Kreuzberg","4 - 5","FINO und FLEUR e.V.","4 - 5","525229"
"6FreierPlatz.aspx?ID=4701","4","4","0","0","24"," "," ","01.10.2015","Kita Zwergenburg","Kreuzberg","4 - 5","FINO und FLEUR e.V.","5 - 7","525229"
"7FreierPlatz.aspx?ID=4701","4","4","0","0","24"," "," ","01.10.2015","Kita Zwergenburg","Kreuzberg","4 - 5","FINO und FLEUR e.V.","7 - 9","525229"
"8FreierPlatz.aspx?ID=4701","4","4","0","0","24"," "," ","01.10.2015","Kita Zwergenburg","Kreuzberg","4 - 5","FINO und FLEUR e.V.","über 9","525229"
"1FreierPlatz.aspx?ID=4581","0","10","7","3","18","Pädagogischer Ansatz: Grundlagen des Situationsansatzes / Verpflegung: bewusste, ausgeglichene Ernährung, die täglich in der eigenen Küche frisch zubereitet wird. / Ergänzendes Angebot: regelmäßige Ausübung eines Bewegungsangebotes und musikalischer Früherziehung. / Öffnungszeiten: Montag-Donnerstag 8.30-19.00 Uhr, Freitag 8.30-18.00 Uhr."," ","01.09.2015","Kitabär","Tempelhof","5 - 7","Kitabär gemeinnützige UG
(haftungsbeschränkt)","4 - 5","591279"
"2FreierPlatz.aspx?ID=4581","0","10","7","3","18","Pädagogischer Ansatz: Grundlagen des Situationsansatzes / Verpflegung: bewusste, ausgeglichene Ernährung, die täglich in der eigenen Küche frisch zubereitet wird. / Ergänzendes Angebot: regelmäßige Ausübung eines Bewegungsangebotes und musikalischer Früherziehung. / Öffnungszeiten: Montag-Donnerstag 8.30-19.00 Uhr, Freitag 8.30-18.00 Uhr."," ","01.09.2015","Kitabär","Tempelhof","5 - 7","Kitabär gemeinnützige UG
(haftungsbeschränkt)","5 - 7","591279"
"3FreierPlatz.aspx?ID=4581","0","10","7","3","18","Pädagogischer Ansatz: Grundlagen des Situationsansatzes / Verpflegung: bewusste, ausgeglichene Ernährung, die täglich in der eigenen Küche frisch zubereitet wird. / Ergänzendes Angebot: regelmäßige Ausübung eines Bewegungsangebotes und musikalischer Früherziehung. / Öffnungszeiten: Montag-Donnerstag 8.30-19.00 Uhr, Freitag 8.30-18.00 Uhr."," ","01.09.2015","Kitabär","Tempelhof","5 - 7","Kitabär gemeinnützige UG
(haftungsbeschränkt)","7 - 9","591279"
"4FreierPlatz.aspx?ID=4581","0","10","7","3","18","Pädagogischer Ansatz: Grundlagen des Situationsansatzes / Verpflegung: bewusste, ausgeglichene Ernährung, die täglich in der eigenen Küche frisch zubereitet wird. / Ergänzendes Angebot: regelmäßige Ausübung eines Bewegungsangebotes und musikalischer Früherziehung. / Öffnungszeiten: Montag-Donnerstag 8.30-19.00 Uhr, Freitag 8.30-18.00 Uhr."," ","01.09.2015","Kitabär","Tempelhof","5 - 7","Kitabär gemeinnützige UG
(haftungsbeschränkt)","über 9","591279"
"1FreierPlatz.aspx?ID=5883","4","4","0","0","12"," "," ","01.09.2015","Kita-Verein Lichtenrade Ost - Groß-Ziethener-Str. 82","Lichtenrade","7 - 9","Kindertagesstättenverein Lichtenrade-Ost e. V.","4 - 5","1347"
"2FreierPlatz.aspx?ID=5883","4","4","0","0","12"," "," ","01.09.2015","Kita-Verein Lichtenrade Ost - Groß-Ziethener-Str. 82","Lichtenrade","7 - 9","Kindertagesstättenverein Lichtenrade-Ost e. V.","5 - 7","1347"
"3FreierPlatz.aspx?ID=5883","4","4","0","0","12"," "," ","01.09.2015","Kita-Verein Lichtenrade Ost - Groß-Ziethener-Str. 82","Lichtenrade","7 - 9","Kindertagesstättenverein Lichtenrade-Ost e. V.","7 - 9","1347"
"4FreierPlatz.aspx?ID=5883","4","4","0","0","12"," "," ","01.09.2015","Kita-Verein Lichtenrade Ost - Groß-Ziethener-Str. 82","Lichtenrade","7 - 9","Kindertagesstättenverein Lichtenrade-Ost e. V.","über 9","1347"
"1FreierPlatz.aspx?ID=6221","0","16","6","10","12"," "," ","01.09.2015","Kreativitätskindertagesstätte","Weißensee","über 9","bip Bildung und innovative
Pädagogik gGmbH","4 - 5","2745"
"2FreierPlatz.aspx?ID=6221","0","16","6","10","12"," "," ","01.09.2015","Kreativitätskindertagesstätte","Weißensee","über 9","bip Bildung und innovative
Pädagogik gGmbH","5 - 7","2745"
"3FreierPlatz.aspx?ID=6221","0","16","6","10","12"," "," ","01.09.2015","Kreativitätskindertagesstätte","Weißensee","über 9","bip Bildung und innovative
Pädagogik gGmbH","7 - 9","2745"
"4FreierPlatz.aspx?ID=6221","0","16","6","10","12"," "," ","01.09.2015","Kreativitätskindertagesstätte","Weißensee","über 9","bip Bildung und innovative
Pädagogik gGmbH","über 9","2745"
"1FreierPlatz.aspx?ID=6081","0","6","0","6","36","Die freie Platzkapazität bezieht sich auf Kinder im Alter von drei Jahren."," ","01.09.2015","Kreativitätskindertagesstätte Preußstraße","Prenzlauer Berg","7 - 9","bip Bildung und innovative
Pädagogik gGmbH","4 - 5","477129"
"2FreierPlatz.aspx?ID=6081","0","6","0","6","36","Die freie Platzkapazität bezieht sich auf Kinder im Alter von drei Jahren."," ","01.09.2015","Kreativitätskindertagesstätte Preußstraße","Prenzlauer Berg","7 - 9","bip Bildung und innovative
Pädagogik gGmbH","5 - 7","477129"
"3FreierPlatz.aspx?ID=6081","0","6","0","6","36","Die freie Platzkapazität bezieht sich auf Kinder im Alter von drei Jahren."," ","01.09.2015","Kreativitätskindertagesstätte Preußstraße","Prenzlauer Berg","7 - 9","bip Bildung und innovative
Pädagogik gGmbH","7 - 9","477129"
"4FreierPlatz.aspx?ID=6081","0","6","0","6","36","Die freie Platzkapazität bezieht sich auf Kinder im Alter von drei Jahren."," ","01.09.2015","Kreativitätskindertagesstätte Preußstraße","Prenzlauer Berg","7 - 9","bip Bildung und innovative
Pädagogik gGmbH","über 9","477129"
"1FreierPlatz.aspx?ID=5701","10","10","0","0","10"," "," ","01.10.2015","Montessori-Integrations-Kindergärten im Syringenweg","Prenzlauer Berg","4 - 5","Kindergärten NordOst","4 - 5","868"
"2FreierPlatz.aspx?ID=5701","10","10","0","0","10"," "," ","01.10.2015","Montessori-Integrations-Kindergärten im Syringenweg","Prenzlauer Berg","4 - 5","Kindergärten NordOst","5 - 7","868"
"3FreierPlatz.aspx?ID=5701","10","10","0","0","10"," "," ","01.10.2015","Montessori-Integrations-Kindergärten im Syringenweg","Prenzlauer Berg","4 - 5","Kindergärten NordOst","7 - 9","868"
"4FreierPlatz.aspx?ID=5701","10","10","0","0","10"," "," ","01.10.2015","Montessori-Integrations-Kindergärten im Syringenweg","Prenzlauer Berg","4 - 5","Kindergärten NordOst","über 9","868"
"1FreierPlatz.aspx?ID=6481","0","13","3","10","24","Elterninitiativ-KiTa mit besonderem pädagogischem Konzept angelehnt an Montessori, Pickler, Hengstenberg, Juul sowie Rebecca und Maurizio Wild. Wir haben 10 Jahre erfolgreich an unserem Standort in Mitte gearbeitet und mußten leider umziehen, da unser Mietvertrag wegen Eingentumsumwandlung nicht verlängert wurde."," ","01.09.2015","Montessori-Kinderladen Mauersegler","Lankwitz","7 - 9","Montessori-Kinderladen-Mitte e. V.","7 - 9","674229"
"1FreierPlatz.aspx?ID=6441","0","15","0","15","12","ideales Alter 4 bis 5 Jahre"," ","01.09.2015","Musikkindergarten Lichtenberg","Karlshorst","4 - 5","Kindergärten NordOst","4 - 5","645229"
"2FreierPlatz.aspx?ID=6441","0","15","0","15","12","ideales Alter 4 bis 5 Jahre"," ","01.09.2015","Musikkindergarten Lichtenberg","Karlshorst","4 - 5","Kindergärten NordOst","5 - 7","645229"
"3FreierPlatz.aspx?ID=6441","0","15","0","15","12","ideales Alter 4 bis 5 Jahre"," ","01.09.2015","Musikkindergarten Lichtenberg","Karlshorst","4 - 5","Kindergärten NordOst","7 - 9","645229"
"4FreierPlatz.aspx?ID=6441","0","15","0","15","12","ideales Alter 4 bis 5 Jahre"," ","01.09.2015","Musikkindergarten Lichtenberg","Karlshorst","4 - 5","Kindergärten NordOst","über 9","645229"
"1FreierPlatz.aspx?ID=4502","0","8","8","0","12"," "," ","01.02.2016","R.E.H - K.I.D.S","Tempelhof","5 - 7","K.I.D.S. - Verein zur sozialpädagogischen und 
psychologischen Unterstützung von seelisch 
behinderten und von seelischer Behinderung
bedrohten Kindern e.V.","4 - 5","381129"
"2FreierPlatz.aspx?ID=4502","0","8","8","0","12"," "," ","01.02.2016","R.E.H - K.I.D.S","Tempelhof","5 - 7","K.I.D.S. - Verein zur sozialpädagogischen und 
psychologischen Unterstützung von seelisch 
behinderten und von seelischer Behinderung
bedrohten Kindern e.V.","5 - 7","381129"
"3FreierPlatz.aspx?ID=4502","0","8","8","0","12"," "," ","01.02.2016","R.E.H - K.I.D.S","Tempelhof","5 - 7","K.I.D.S. - Verein zur sozialpädagogischen und 
psychologischen Unterstützung von seelisch 
behinderten und von seelischer Behinderung
bedrohten Kindern e.V.","7 - 9","381129"
"1FreierPlatz.aspx?ID=6003","6","6","0","0","24"," "," ","01.09.2015","Teilzeitkita Wichern","Hakenfelde","4 - 5","Evangelische Wichern-Radelandgemeinde","4 - 5","1105"
"2FreierPlatz.aspx?ID=6003","6","6","0","0","24"," "," ","01.09.2015","Teilzeitkita Wichern","Hakenfelde","4 - 5","Evangelische Wichern-Radelandgemeinde","5 - 7","1105"
"1FreierPlatz.aspx?ID=6642","0","3","1","2","12"," "," ","01.10.2015","Villa Klecks","Baumschulenweg","5 - 7","GEFA gemeinnützige Gesellschaft für Familienaktivierung mbH","4 - 5","252179"
"2FreierPlatz.aspx?ID=6642","0","3","1","2","12"," "," ","01.10.2015","Villa Klecks","Baumschulenweg","5 - 7","GEFA gemeinnützige Gesellschaft für Familienaktivierung mbH","5 - 7","252179"
"3FreierPlatz.aspx?ID=6642","0","3","1","2","12"," "," ","01.10.2015","Villa Klecks","Baumschulenweg","5 - 7","GEFA gemeinnützige Gesellschaft für Familienaktivierung mbH","7 - 9","252179"
"4FreierPlatz.aspx?ID=6642","0","3","1","2","12"," "," ","01.10.2015","Villa Klecks","Baumschulenweg","5 - 7","GEFA gemeinnützige Gesellschaft für Familienaktivierung mbH","über 9","252179"
"1FreierPlatz.aspx?ID=6641","0","5","3","2","12"," "," ","01.10.2015","Villa Moosmutzel","Altglienicke","über 9","GEFA gemeinnützige Gesellschaft für Familienaktivierung mbH","4 - 5","360129"
"2FreierPlatz.aspx?ID=6641","0","5","3","2","12"," "," ","01.10.2015","Villa Moosmutzel","Altglienicke","über 9","GEFA gemeinnützige Gesellschaft für Familienaktivierung mbH","5 - 7","360129"
"3FreierPlatz.aspx?ID=6641","0","5","3","2","12"," "," ","01.10.2015","Villa Moosmutzel","Altglienicke","über 9","GEFA gemeinnützige Gesellschaft für Familienaktivierung mbH","7 - 9","360129"
"4FreierPlatz.aspx?ID=6641","0","5","3","2","12"," "," ","01.10.2015","Villa Moosmutzel","Altglienicke","über 9","GEFA gemeinnützige Gesellschaft für Familienaktivierung mbH","über 9","360129"
"1FreierPlatz.aspx?ID=6983","0","3","3","0","8"," "," ","01.01.2016","Villa Purzelbaum","Spandau","4 - 5","Kindertagesstätten Nordwest Eigenbetrieb von Berlin","4 - 5","1722"
"2FreierPlatz.aspx?ID=6983","0","3","3","0","8"," "," ","01.01.2016","Villa Purzelbaum","Spandau","4 - 5","Kindertagesstätten Nordwest Eigenbetrieb von Berlin","5 - 7","1722"
"3FreierPlatz.aspx?ID=6983","0","3","3","0","8"," "," ","01.01.2016","Villa Purzelbaum","Spandau","4 - 5","Kindertagesstätten Nordwest Eigenbetrieb von Berlin","7 - 9","1722"
"4FreierPlatz.aspx?ID=6983","0","3","3","0","8"," "," ","01.01.2016","Villa Purzelbaum","Spandau","4 - 5","Kindertagesstätten Nordwest Eigenbetrieb von Berlin","über 9","1722"
"1FreierPlatz.aspx?ID=6381","0","1","0","1","48","Wir suchen für unsere Vorschulgruppe noch ein Vorschulkind. Alter 4,5 oder 5 Jahre"," ","15.09.2015","Wolke 7 gGmbH","Wedding","7 - 9","Wolke 7 gemeinnützige Gesellschaft mbH","7 - 9","335"
"1FreierPlatz.aspx?ID=6283","56","56","0","0","12"," "," ","01.09.2015","Wunderkids Reinickendorf","Wittenau","über 9","W und W Wunderkids gGmbH","4 - 5","451229"
"2FreierPlatz.aspx?ID=6283","56","56","0","0","12"," "," ","01.09.2015","Wunderkids Reinickendorf","Wittenau","über 9","W und W Wunderkids gGmbH","5 - 7","451229"
"3FreierPlatz.aspx?ID=6283","56","56","0","0","12"," "," ","01.09.2015","Wunderkids Reinickendorf","Wittenau","über 9","W und W Wunderkids gGmbH","7 - 9","451229"
"4FreierPlatz.aspx?ID=6283","56","56","0","0","12"," "," ","01.09.2015","Wunderkids Reinickendorf","Wittenau","über 9","W und W Wunderkids gGmbH","über 9","451229"
"1FreierPlatz.aspx?ID=6282","8","8","0","0","12"," "," ","01.09.2015","Wunderkids Schöneberg","Schöneberg","7 - 9","W und W Wunderkids gGmbH","4 - 5","2578"
"2FreierPlatz.aspx?ID=6301","12","12","0","0","12"," "," ","01.09.2015","Wunderkids Schöneberg","Schöneberg","7 - 9","W und W Wunderkids gGmbH","4 - 5","2578"
"3FreierPlatz.aspx?ID=6282","8","8","0","0","12"," "," ","01.09.2015","Wunderkids Schöneberg","Schöneberg","7 - 9","W und W Wunderkids gGmbH","5 - 7","2578"
"4FreierPlatz.aspx?ID=6301","12","12","0","0","12"," "," ","01.09.2015","Wunderkids Schöneberg","Schöneberg","7 - 9","W und W Wunderkids gGmbH","5 - 7","2578"
"5FreierPlatz.aspx?ID=6282","8","8","0","0","12"," "," ","01.09.2015","Wunderkids Schöneberg","Schöneberg","7 - 9","W und W Wunderkids gGmbH","7 - 9","2578"
"6FreierPlatz.aspx?ID=6301","12","12","0","0","12"," "," ","01.09.2015","Wunderkids Schöneberg","Schöneberg","7 - 9","W und W Wunderkids gGmbH","7 - 9","2578"
"7FreierPlatz.aspx?ID=6282","8","8","0","0","12"," "," ","01.09.2015","Wunderkids Schöneberg","Schöneberg","7 - 9","W und W Wunderkids gGmbH","über 9","2578"
"8FreierPlatz.aspx?ID=6301","12","12","0","0","12"," "," ","01.09.2015","Wunderkids Schöneberg","Schöneberg","7 - 9","W und W Wunderkids gGmbH","über 9","2578"
"1FreierPlatz.aspx?ID=6621","5","5","0","0","12"," "," ","01.10.2015","Wunderkids Spandau","Wilhelmstadt","7 - 9","W und W Wunderkids gGmbH","4 - 5","2958"
"2FreierPlatz.aspx?ID=6621","5","5","0","0","12"," "," ","01.10.2015","Wunderkids Spandau","Wilhelmstadt","7 - 9","W und W Wunderkids gGmbH","5 - 7","2958"
"3FreierPlatz.aspx?ID=6621","5","5","0","0","12"," "," ","01.10.2015","Wunderkids Spandau","Wilhelmstadt","7 - 9","W und W Wunderkids gGmbH","7 - 9","2958"
"4FreierPlatz.aspx?ID=6621","5","5","0","0","12"," "," ","01.10.2015","Wunderkids Spandau","Wilhelmstadt","7 - 9","W und W Wunderkids gGmbH","über 9","2958"
"5FreierPlatz.aspx?ID=6281","15","15","0","0","12"," "," ","01.09.2015","Wunderkids Spandau","Wilhelmstadt","7 - 9","W und W Wunderkids gGmbH","4 - 5","2958"
"6FreierPlatz.aspx?ID=6281","15","15","0","0","12"," "," ","01.09.2015","Wunderkids Spandau","Wilhelmstadt","7 - 9","W und W Wunderkids gGmbH","5 - 7","2958"
"7FreierPlatz.aspx?ID=6281","15","15","0","0","12"," "," ","01.09.2015","Wunderkids Spandau","Wilhelmstadt","7 - 9","W und W Wunderkids gGmbH","7 - 9","2958"
